{"count": 7, "results": [{"id": 1, "name": "Lab 0x01 - Irish Name Repo 1", "description": "There is a website running at `https://2019shell1.picoctf.com/problem/32241/` ([link](https://2019shell1.picoctf.com/problem/32241/))<br>\r\nDo you think you can log us in? Try to see if you can login!", "max_attempts": 0, "value": 10, "category": "Web", "type": "standard", "state": "visible", "requirements": null}, {"id": 2, "name": "Lab 0x02 - Irish Name Repo 2", "description": "There is a website running at `https://2019shell1.picoctf.com/problem/7411/` ([link](https://2019shell1.picoctf.com/problem/7411/)).<br>Someone has bypassed the login before, and now it's being strengthened.<br>Try to see if you can still login! or http://2019shell1.picoctf.com:7411", "max_attempts": 0, "value": 15, "category": "Web", "type": "standard", "state": "visible", "requirements": {"prerequisites": []}}, {"id": 3, "name": "Lab 0x03 - Irish Name Repo 3", "description": "There is a secure website running at https://2019shell1.picoctf.com/problem/49838/ (link) or http://2019shell1.picoctf.com:49838.<br>Try to see if you can login as admin!", "max_attempts": 0, "value": 15, "category": "Web", "type": "standard", "state": "visible", "requirements": null}, {"id": 4, "name": "SQLi 01", "description": "Login as `admin` please\r\n\r\nhttp://lab.roy4801.tw:8888", "max_attempts": 0, "value": 15, "category": "Web", "type": "dynamic", "state": "visible", "requirements": {"prerequisites": []}}, {"id": 5, "name": "SQLi 03", "description": "How dare you insert logic?\r\n\r\nhttp://lab.roy4801.tw:8890", "max_attempts": 0, "value": 35, "category": "Web", "type": "dynamic", "state": "visible", "requirements": {"prerequisites": []}}, {"id": 6, "name": "SQLi 02", "description": "No more spaces or dashes\r\n\r\nhttp://lab.roy4801.tw:8889", "max_attempts": 0, "value": 25, "category": "Web", "type": "dynamic", "state": "visible", "requirements": null}, {"id": 7, "name": "SQLi 04 - LL", "description": "http://lab.roy4801.tw:8891/\r\n\r\n> The flag is in the same table\r\n<iframe width=\"434\" height=\"312\" src=\"https://www.youtube.com/embed/ZuOiNiiIyLo\" frameborder=\"0\" allow=\"accelerometer; autoplay; encrypted-media; gyroscope; picture-in-picture\" allowfullscreen></iframe>", "max_attempts": 0, "value": 40, "category": "Web", "type": "dynamic", "state": "visible", "requirements": null}], "meta": {}}