{"count": 7, "results": [{"id": 1, "challenge_id": 1, "type": "static", "content": "picoCTF{s0m3_SQL_0397f20c}", "data": null}, {"id": 2, "challenge_id": 2, "type": "static", "content": "picoCTF{m0R3_SQL_plz_c1c3dff7}", "data": null}, {"id": 3, "challenge_id": 3, "type": "static", "content": "picoCTF{3v3n_m0r3_SQL_a9766759}", "data": null}, {"id": 4, "challenge_id": 4, "type": "static", "content": "NISRA{51mpl3_or_1=1_83617342bbda7839270d030ec62e5e06}", "data": null}, {"id": 5, "challenge_id": 5, "type": "static", "content": "NISRA{more_sanitizations_8acdb485dee808b6032a827c9b5da629}", "data": null}, {"id": 6, "challenge_id": 6, "type": "static", "content": "NISRA{Add_some_sanitizations_11e23f8478895eccbf9b4bc442c2ac9d}", "data": null}, {"id": 7, "challenge_id": 7, "type": "static", "content": "NISRA{Honoka_wa_saiko_daze_51c4dde79082d2ef61023476effbb20b}", "data": null}], "meta": {}}