{"count": 4, "results": [{"id": 1, "type": "standard", "challenge_id": 2, "content": "`OR` will be sanitized", "cost": 0, "requirements": null}, {"id": 2, "type": "standard", "challenge_id": 3, "content": "There's some mapping.", "cost": 0, "requirements": null}, {"id": 3, "type": "standard", "challenge_id": 6, "content": "What chars can spaces and comments be replace with?", "cost": 0, "requirements": null}, {"id": 4, "type": "standard", "challenge_id": 7, "content": "only 9 people is `UNION`", "cost": 0, "requirements": null}], "meta": {}}