{"count": 1, "results": [{"id": 1, "title": "None", "route": "index", "content": "<div class=\"row\">\r\n    <div class=\"col-md-6 offset-md-3\">\r\n        <img class=\"w-100 mx-auto d-block\" style=\"max-width: 500px;padding: 50px;padding-top: 14vh;\" src=\"https://i.imgur.com/9D0Lbsh.png\" />\r\n        <h3 class=\"text-center\">\r\n            <p>2019/10/22 OWASP - SQLi Labs @ <a href=\"https://nisra.net\">NISRA</a></p>\r\n            <p>by <a href=\"https://github.com/roy4801\">roy4801</a></p>\r\n            <a href=\"https://www.facebook.com/N15RA/\"><i class=\"fab fa-facebook fa-2x\" aria-hidden=\"true\"></i></a>&nbsp;\r\n        </h3>\r\n        <br>\r\n    </div>\r\n</div>", "draft": 0, "hidden": 0, "auth_required": 0}], "meta": {}}