{"count": 76, "results": [{"id": 2, "challenge_id": 1, "user_id": 2, "team_id": null}, {"id": 3, "challenge_id": 2, "user_id": 2, "team_id": null}, {"id": 4, "challenge_id": 3, "user_id": 2, "team_id": null}, {"id": 6, "challenge_id": 1, "user_id": 3, "team_id": null}, {"id": 8, "challenge_id": 1, "user_id": 16, "team_id": null}, {"id": 11, "challenge_id": 1, "user_id": 13, "team_id": null}, {"id": 12, "challenge_id": 1, "user_id": 15, "team_id": null}, {"id": 14, "challenge_id": 1, "user_id": 4, "team_id": null}, {"id": 15, "challenge_id": 1, "user_id": 7, "team_id": null}, {"id": 16, "challenge_id": 1, "user_id": 5, "team_id": null}, {"id": 18, "challenge_id": 1, "user_id": 14, "team_id": null}, {"id": 19, "challenge_id": 1, "user_id": 8, "team_id": null}, {"id": 21, "challenge_id": 2, "user_id": 15, "team_id": null}, {"id": 22, "challenge_id": 1, "user_id": 6, "team_id": null}, {"id": 23, "challenge_id": 1, "user_id": 10, "team_id": null}, {"id": 24, "challenge_id": 1, "user_id": 17, "team_id": null}, {"id": 25, "challenge_id": 1, "user_id": 18, "team_id": null}, {"id": 26, "challenge_id": 2, "user_id": 4, "team_id": null}, {"id": 27, "challenge_id": 2, "user_id": 16, "team_id": null}, {"id": 28, "challenge_id": 3, "user_id": 15, "team_id": null}, {"id": 29, "challenge_id": 3, "user_id": 4, "team_id": null}, {"id": 30, "challenge_id": 1, "user_id": 12, "team_id": null}, {"id": 31, "challenge_id": 1, "user_id": 9, "team_id": null}, {"id": 34, "challenge_id": 1, "user_id": 19, "team_id": null}, {"id": 35, "challenge_id": 3, "user_id": 16, "team_id": null}, {"id": 36, "challenge_id": 4, "user_id": 15, "team_id": null}, {"id": 38, "challenge_id": 6, "user_id": 15, "team_id": null}, {"id": 39, "challenge_id": 5, "user_id": 15, "team_id": null}, {"id": 40, "challenge_id": 1, "user_id": 11, "team_id": null}, {"id": 41, "challenge_id": 1, "user_id": 20, "team_id": null}, {"id": 43, "challenge_id": 2, "user_id": 20, "team_id": null}, {"id": 44, "challenge_id": 2, "user_id": 11, "team_id": null}, {"id": 45, "challenge_id": 2, "user_id": 5, "team_id": null}, {"id": 46, "challenge_id": 2, "user_id": 9, "team_id": null}, {"id": 47, "challenge_id": 2, "user_id": 13, "team_id": null}, {"id": 48, "challenge_id": 2, "user_id": 12, "team_id": null}, {"id": 49, "challenge_id": 2, "user_id": 8, "team_id": null}, {"id": 50, "challenge_id": 2, "user_id": 7, "team_id": null}, {"id": 51, "challenge_id": 2, "user_id": 3, "team_id": null}, {"id": 52, "challenge_id": 2, "user_id": 14, "team_id": null}, {"id": 53, "challenge_id": 2, "user_id": 17, "team_id": null}, {"id": 54, "challenge_id": 2, "user_id": 6, "team_id": null}, {"id": 55, "challenge_id": 2, "user_id": 10, "team_id": null}, {"id": 56, "challenge_id": 2, "user_id": 18, "team_id": null}, {"id": 57, "challenge_id": 4, "user_id": 4, "team_id": null}, {"id": 59, "challenge_id": 3, "user_id": 5, "team_id": null}, {"id": 60, "challenge_id": 3, "user_id": 3, "team_id": null}, {"id": 61, "challenge_id": 3, "user_id": 8, "team_id": null}, {"id": 62, "challenge_id": 3, "user_id": 10, "team_id": null}, {"id": 63, "challenge_id": 3, "user_id": 6, "team_id": null}, {"id": 64, "challenge_id": 3, "user_id": 7, "team_id": null}, {"id": 65, "challenge_id": 3, "user_id": 14, "team_id": null}, {"id": 66, "challenge_id": 6, "user_id": 4, "team_id": null}, {"id": 73, "challenge_id": 3, "user_id": 13, "team_id": null}, {"id": 74, "challenge_id": 5, "user_id": 4, "team_id": null}, {"id": 76, "challenge_id": 3, "user_id": 12, "team_id": null}, {"id": 77, "challenge_id": 3, "user_id": 11, "team_id": null}, {"id": 78, "challenge_id": 4, "user_id": 16, "team_id": null}, {"id": 80, "challenge_id": 3, "user_id": 18, "team_id": null}, {"id": 81, "challenge_id": 3, "user_id": 20, "team_id": null}, {"id": 85, "challenge_id": 4, "user_id": 5, "team_id": null}, {"id": 86, "challenge_id": 1, "user_id": 21, "team_id": null}, {"id": 88, "challenge_id": 4, "user_id": 8, "team_id": null}, {"id": 89, "challenge_id": 4, "user_id": 6, "team_id": null}, {"id": 90, "challenge_id": 4, "user_id": 10, "team_id": null}, {"id": 91, "challenge_id": 4, "user_id": 3, "team_id": null}, {"id": 94, "challenge_id": 4, "user_id": 14, "team_id": null}, {"id": 95, "challenge_id": 4, "user_id": 7, "team_id": null}, {"id": 96, "challenge_id": 4, "user_id": 13, "team_id": null}, {"id": 98, "challenge_id": 4, "user_id": 12, "team_id": null}, {"id": 99, "challenge_id": 6, "user_id": 12, "team_id": null}, {"id": 100, "challenge_id": 5, "user_id": 12, "team_id": null}, {"id": 101, "challenge_id": 7, "user_id": 15, "team_id": null}, {"id": 102, "challenge_id": 6, "user_id": 13, "team_id": null}, {"id": 107, "challenge_id": 5, "user_id": 13, "team_id": null}, {"id": 109, "challenge_id": 7, "user_id": 4, "team_id": null}], "meta": {}}