{"count": 22, "results": [{"id": 1, "oauth_id": null, "name": "roy4801", "password": "$bcrypt-sha256$2b,12$7oheyXX6mS0.hKLURWPX5u$/.K89l8wlDAE8ugA6N5SEdv9ohOCiTW", "email": "roy@nisra.net", "type": "admin", "secret": null, "website": null, "affiliation": null, "country": null, "bracket": null, "hidden": 1, "banned": 0, "verified": 0, "team_id": null, "created": "2019-10-21T08:00:35"}, {"id": 2, "oauth_id": null, "name": "test", "password": "$bcrypt-sha256$2b,12$a6xYhiA5QrpPsgAIvkh/se$efC4LnkHVGYqfewWK76M1CHCp0Ah.4a", "email": "test@nisra.net", "type": "user", "secret": null, "website": null, "affiliation": null, "country": null, "bracket": null, "hidden": 1, "banned": 0, "verified": 0, "team_id": null, "created": "2019-10-21T08:32:34"}, {"id": 3, "oauth_id": null, "name": "NC", "password": "$bcrypt-sha256$2b,12$P3/1z9BhLsgSczXEHUvAyO$H7tQFx9wtQh27z1NkPOclT2Vkx/UoLG", "email": "nc@nc.tw", "type": "user", "secret": null, "website": null, "affiliation": null, "country": null, "bracket": null, "hidden": 0, "banned": 0, "verified": 0, "team_id": null, "created": "2019-10-22T11:28:00"}, {"id": 4, "oauth_id": null, "name": "fucker", "password": "$bcrypt-sha256$2b,12$RHKGleHx8wwOMUbJzPKU9.$IvZBxsi5MKTYk8DH.um2QqKVQQEMxUy", "email": "fucker@fuck.com", "type": "user", "secret": null, "website": null, "affiliation": null, "country": null, "bracket": null, "hidden": 0, "banned": 0, "verified": 0, "team_id": null, "created": "2019-10-22T11:28:19"}, {"id": 5, "oauth_id": null, "name": "dogQ", "password": "$bcrypt-sha256$2b,12$yXf/So4rvHRYiye4P6kYvO$KnEb5F8qpw7c/ToTxUIrXMe55moQvIS", "email": "dog98726345@gmail.com", "type": "user", "secret": null, "website": null, "affiliation": null, "country": null, "bracket": null, "hidden": 0, "banned": 0, "verified": 0, "team_id": null, "created": "2019-10-22T11:28:28"}, {"id": 6, "oauth_id": null, "name": "ZAX", "password": "$bcrypt-sha256$2b,12$Dcwm0NQWSb6QDwPWzcSSQ.$dPEneY1vaVCa2kz.j8VSNAkieGBVm/K", "email": "xzdragon64@gmail.com", "type": "user", "secret": null, "website": null, "affiliation": null, "country": null, "bracket": null, "hidden": 0, "banned": 0, "verified": 0, "team_id": null, "created": "2019-10-22T11:28:37"}, {"id": 7, "oauth_id": null, "name": "261462", "password": "$bcrypt-sha256$2b,12$QTpcc5jCmsv1i3YdLU1XCO$sM4eY/.QDdGGeuHDIA8ZFEbrb4GLcnW", "email": "snoopy50305@gmail.com", "type": "user", "secret": null, "website": null, "affiliation": null, "country": null, "bracket": null, "hidden": 0, "banned": 0, "verified": 0, "team_id": null, "created": "2019-10-22T11:28:42"}, {"id": 8, "oauth_id": null, "name": "w961302", "password": "$bcrypt-sha256$2b,12$Znxfr7SPMRbu1fC/gHl7C.$6BMdDSA2rtb1daSYtUAiopywcefSSc.", "email": "w961302@gmail.com", "type": "user", "secret": null, "website": null, "affiliation": null, "country": null, "bracket": null, "hidden": 0, "banned": 0, "verified": 0, "team_id": null, "created": "2019-10-22T11:28:44"}, {"id": 9, "oauth_id": null, "name": "dddd", "password": "$bcrypt-sha256$2b,12$tbRNxW2FqbGYbE7gdq1hR.$hOiHRxGlBcMlXHHnGOw8q5LhaFViuRy", "email": "aa0953900705@gmail.com", "type": "user", "secret": null, "website": null, "affiliation": null, "country": null, "bracket": null, "hidden": 0, "banned": 0, "verified": 0, "team_id": null, "created": "2019-10-22T11:28:56"}, {"id": 10, "oauth_id": null, "name": "Irene", "password": "$bcrypt-sha256$2b,12$CrUSbiisStvbTf32IFjdx.$yzIswUEgiSMoTLwEvUTcWshFMtxWKha", "email": "irenelin1208@gmail.com", "type": "user", "secret": null, "website": null, "affiliation": null, "country": null, "bracket": null, "hidden": 0, "banned": 0, "verified": 0, "team_id": null, "created": "2019-10-22T11:28:58"}, {"id": 11, "oauth_id": null, "name": "Nini Kang", "password": "$bcrypt-sha256$2b,12$vBXD373LV79JMLieBXV0Vu$8ilA6IFmxUcTsTG4o/cArgGItkJmBP2", "email": "nini31223296@gmail.com", "type": "user", "secret": null, "website": null, "affiliation": null, "country": null, "bracket": null, "hidden": 0, "banned": 0, "verified": 0, "team_id": null, "created": "2019-10-22T11:28:59"}, {"id": 12, "oauth_id": null, "name": "Qeuunie", "password": "$bcrypt-sha256$2b,12$c91vF1eWQYYpLVkB0xO2qO$ioi8own0.rVlnlYRhTpQbRxNenMfOs.", "email": "cgloe880522@gmail.com", "type": "user", "secret": null, "website": null, "affiliation": null, "country": null, "bracket": null, "hidden": 0, "banned": 0, "verified": 0, "team_id": null, "created": "2019-10-22T11:29:07"}, {"id": 13, "oauth_id": null, "name": "Nick", "password": "$bcrypt-sha256$2b,12$Pl/2eqe2zLeWqN.VkbT0U.$d7tIUputtgjDFXPa.kYGR95p.90H5Ca", "email": "nick80503@yahoo.com.tw", "type": "user", "secret": null, "website": null, "affiliation": null, "country": null, "bracket": null, "hidden": 0, "banned": 0, "verified": 0, "team_id": null, "created": "2019-10-22T11:29:09"}, {"id": 14, "oauth_id": null, "name": "' OR 1=1 --'", "password": "$bcrypt-sha256$2b,12$Ybu2ZHii/TsQDcXK.SA3Ru$ZqVkoVOTc4PNlLFURn/k6RguDj0yfQm", "email": "510132@yphs.tw", "type": "user", "secret": null, "website": null, "affiliation": null, "country": null, "bracket": null, "hidden": 0, "banned": 0, "verified": 0, "team_id": null, "created": "2019-10-22T11:29:24"}, {"id": 15, "oauth_id": null, "name": "Ch3s5_15_h4nds0me", "password": "$bcrypt-sha256$2b,12$Fcw7jFsqP0AW1nB4EBtEC.$ovUj/y3UWrP6gNV76jQ2bRkP7mdSplW", "email": "aaaaa@gmail.com", "type": "user", "secret": null, "website": null, "affiliation": null, "country": null, "bracket": null, "hidden": 0, "banned": 0, "verified": 0, "team_id": null, "created": "2019-10-22T11:29:40"}, {"id": 16, "oauth_id": null, "name": "CrazyFire", "password": "$bcrypt-sha256$2b,12$Vb/6mmNf.qCX0lewMnS5mO$bzVx4fuHvAAbtSf5.xJFpIoag0rrSnK", "email": "fdff87554@gmail.com", "type": "user", "secret": null, "website": null, "affiliation": null, "country": null, "bracket": null, "hidden": 0, "banned": 0, "verified": 0, "team_id": null, "created": "2019-10-22T11:29:50"}, {"id": 17, "oauth_id": null, "name": "Bobo", "password": "$bcrypt-sha256$2b,12$OICEf4rp8wUTp6D5jRZcJu$Br7GqmalBdqYh9w4XULWGzF3OOGa5Mu", "email": "t0919247347@gmail.com", "type": "user", "secret": null, "website": null, "affiliation": null, "country": null, "bracket": null, "hidden": 0, "banned": 0, "verified": 0, "team_id": null, "created": "2019-10-22T11:31:10"}, {"id": 18, "oauth_id": null, "name": "breathing", "password": "$bcrypt-sha256$2b,12$Sd6OYZCC3aBPJjxvTdWcle$C8mwtbsAtU1bmt6lxgAbozv8DioiXXe", "email": "michael_cute999@yhaoo.com.tw", "type": "user", "secret": null, "website": null, "affiliation": null, "country": null, "bracket": null, "hidden": 0, "banned": 0, "verified": 0, "team_id": null, "created": "2019-10-22T11:31:12"}, {"id": 19, "oauth_id": null, "name": "ahegao", "password": "$bcrypt-sha256$2b,12$uEatg/n3jHKOhitLYsW1eO$Sd/rT/jH.dKWIhcM0l1uuf5xgrI7HXu", "email": "405262037@mail.fju.edu.tw", "type": "user", "secret": null, "website": null, "affiliation": null, "country": null, "bracket": null, "hidden": 0, "banned": 0, "verified": 0, "team_id": null, "created": "2019-10-22T11:33:04"}, {"id": 20, "oauth_id": null, "name": "mimmy lin", "password": "$bcrypt-sha256$2b,12$/a1LREpLounfM3cHsN1vl.$ROVmz0LSykWc2OUdX3QvgQdRtzqHQ9a", "email": "mimmylintw@gmail.com", "type": "user", "secret": null, "website": null, "affiliation": null, "country": null, "bracket": null, "hidden": 0, "banned": 0, "verified": 0, "team_id": null, "created": "2019-10-22T11:42:37"}, {"id": 21, "oauth_id": null, "name": "wei_xiang0702", "password": "$bcrypt-sha256$2b,12$gZkwr1L3avXI1MEXkTm6pe$qNJDaJo03goTmOAk79mSVVtTB2wgAJe", "email": "wei.xiang0702@gmail.com", "type": "user", "secret": null, "website": null, "affiliation": null, "country": null, "bracket": null, "hidden": 0, "banned": 0, "verified": 0, "team_id": null, "created": "2019-10-22T12:36:44"}, {"id": 22, "oauth_id": null, "name": "aaa", "password": "$bcrypt-sha256$2b,12$w.KRNv3unBiEjnT6dckohe$e09YzM/aHjvYrlRNLr0p2tdNlVlo7xK", "email": "aaa@mail.com", "type": "user", "secret": null, "website": null, "affiliation": null, "country": null, "bracket": null, "hidden": 0, "banned": 0, "verified": 0, "team_id": null, "created": "2019-10-24T07:13:43"}], "meta": {}}